"0","# --- Import CSV ou donn√©es fictives si Excel absent ou erreur ---"
"0","if (is.null(d) && !is.na(fichier_csv)) {"
"0","  tryCatch({ d <- read_csv(fichier_csv, show_col_types = FALSE) }, error = function(e) d <<- NULL)"
"0","}"
"0","if (is.null(d)) {"
"0","  set.seed(42)"
"0","  n_par_combinaison <- 8L"
"0","  d <- expand_grid("
"0","    groupe = c(""Ma"", ""Ca"", ""An""),"
"0","    variete = c(""Var1"", ""Var2""),"
"0","    periode = paste0(""T"", 1:4)"
"0","  ) %>%"
"0","    slice(rep(1:n(), each = n_par_combinaison)) %>%"
"0","    mutate("
"0","      id = paste0(""P"", rep(1:(n_par_combinaison * 6), each = 4)),"
"0","      taille = round(10 + as.numeric(factor(periode)) * 2 + rnorm(n(), 0, 1.5), 2)"
"0","    )"
"0","}"
